100, 1 : 0, 2 : 0, 3 : 0, 4 : 0, 5 : 0, 6 : 1, 7 : 0, 8 : 0, 9 : 0, 10 : 0, 11 : 0, 12 : 0, 13 : 0, 14 : 1, 15 : 0, 16 : 0, 17 : 0, 18 : 0, 19 : 0, 20 : 0, 21 : 0, 22 : 1, 23 : 1, 24 : 0, 25 : 0, 26 : 0, 27 : 0, 28 : 0, 29 : 0, 30 : 1, 31 : 0, 32 : 0
1009, 1 : 0, 2 : 0, 3 : 0, 4 : 0, 5 : 0, 6 : 0, 7 : 0, 8 : 0, 9 : 0, 10 : 0, 11 : 0, 12 : 0, 13 : 0, 14 : 0, 15 : 0, 16 : 0, 17 : 0, 18 : 0, 19 : 0, 20 : 0, 21 : 1, 22 : 1, 23 : 0, 24 : 0, 25 : 0, 26 : 0, 27 : 0, 28 : 0, 29 : 1, 30 : 1, 31 : 0, 32 : 0
101, 1 : 0, 2 : 0, 3 : 0, 4 : 0, 5 : 0, 6 : 0, 7 : 1, 8 : 0, 9 : 0, 10 : 0, 11 : 0, 12 : 0, 13 : 0, 14 : 0, 15 : 1, 16 : 0, 17 : 0, 18 : 0, 19 : 0, 20 : 0, 21 : 0, 22 : 1, 23 : 1, 24 : 0, 25 : 0, 26 : 0, 27 : 0, 28 : 0, 29 : 0, 30 : 1, 31 : 1, 32 : 0
1010, 1 : 0, 2 : 0, 3 : 0, 4 : 0, 5 : 0, 6 : 0, 7 : 1, 8 : 0, 9 : 0, 10 : 0, 11 : 0, 12 : 0, 13 : 0, 14 : 0, 15 : 1, 16 : 0, 17 : 0, 18 : 0, 19 : 0, 20 : 0, 21 : 0, 22 : 0, 23 : 1, 24 : 0, 25 : 0, 26 : 0, 27 : 0, 28 : 0, 29 : 0, 30 : 0, 31 : 1, 32 : 0
10111, 1 : 0, 2 : 0, 3 : 0, 4 : 0, 5 : 0, 6 : 1, 7 : 0, 8 : 0, 9 : 0, 10 : 0, 11 : 0, 12 : 0, 13 : 0, 14 : 1, 15 : 1, 16 : 0, 17 : 0, 18 : 0, 19 : 0, 20 : 0, 21 : 0, 22 : 1, 23 : 1, 24 : 0, 25 : 0, 26 : 0, 27 : 0, 28 : 0, 29 : 1, 30 : 1, 31 : 1, 32 : 0
10115, 1 : 0, 2 : 0, 3 : 0, 4 : 0, 5 : 1, 6 : 1, 7 : 0, 8 : 0, 9 : 0, 10 : 0, 11 : 0, 12 : 0, 13 : 0, 14 : 0, 15 : 0, 16 : 0, 17 : 0, 18 : 0, 19 : 0, 20 : 0, 21 : 0, 22 : 0, 23 : 0, 24 : 1, 25 : 0, 26 : 0, 27 : 0, 28 : 0, 29 : 0, 30 : 0, 31 : 1, 32 : 1
1014, 1 : 0, 2 : 0, 3 : 0, 4 : 0, 5 : 1, 6 : 0, 7 : 1, 8 : 1, 9 : 0, 10 : 0, 11 : 0, 12 : 0, 13 : 0, 14 : 0, 15 : 0, 16 : 1, 17 : 0, 18 : 0, 19 : 0, 20 : 0, 21 : 0, 22 : 0, 23 : 1, 24 : 1, 25 : 0, 26 : 0, 27 : 0, 28 : 0, 29 : 0, 30 : 1, 31 : 1, 32 : 0
1018, 1 : 0, 2 : 0, 3 : 0, 4 : 1, 5 : 0, 6 : 0, 7 : 0, 8 : 0, 9 : 0, 10 : 0, 11 : 1, 12 : 1, 13 : 1, 14 : 0, 15 : 0, 16 : 0, 17 : 0, 18 : 0, 19 : 0, 20 : 0, 21 : 0, 22 : 1, 23 : 0, 24 : 0, 25 : 0, 26 : 0, 27 : 0, 28 : 0, 29 : 0, 30 : 1, 31 : 0, 32 : 0
1025, 1 : 0, 2 : 0, 3 : 0, 4 : 0, 5 : 0, 6 : 0, 7 : 0, 8 : 0, 9 : 0, 10 : 0, 11 : 0, 12 : 0, 13 : 0, 14 : 0, 15 : 0, 16 : 0, 17 : 0, 18 : 0, 19 : 0, 20 : 0, 21 : 0, 22 : 0, 23 : 0, 24 : 0, 25 : 0, 26 : 0, 27 : 0, 28 : 0, 29 : 0, 30 : 0, 31 : 0, 32 : 0
106, 1 : 0, 2 : 0, 3 : 0, 4 : 0, 5 : 0, 6 : 0, 7 : 0, 8 : 0, 9 : 0, 10 : 0, 11 : 0, 12 : 0, 13 : 0, 14 : 0, 15 : 0, 16 : 0, 17 : 0, 18 : 0, 19 : 0, 20 : 0, 21 : 0, 22 : 0, 23 : 0, 24 : 0, 25 : 0, 26 : 0, 27 : 0, 28 : 0, 29 : 0, 30 : 0, 31 : 0, 32 : 0
1062, 1 : 0, 2 : 0, 3 : 0, 4 : 0, 5 : 0, 6 : 1, 7 : 1, 8 : 0, 9 : 0, 10 : 0, 11 : 0, 12 : 0, 13 : 0, 14 : 1, 15 : 0, 16 : 0, 17 : 0, 18 : 0, 19 : 0, 20 : 0, 21 : 0, 22 : 1, 23 : 1, 24 : 0, 25 : 0, 26 : 0, 27 : 0, 28 : 1, 29 : 1, 30 : 1, 31 : 0, 32 : 0
110, 1 : 0, 2 : 0, 3 : 0, 4 : 0, 5 : 1, 6 : 1, 7 : 0, 8 : 0, 9 : 0, 10 : 0, 11 : 0, 12 : 0, 13 : 0, 14 : 1, 15 : 0, 16 : 0, 17 : 0, 18 : 0, 19 : 0, 20 : 0, 21 : 1, 22 : 1, 23 : 1, 24 : 0, 25 : 0, 26 : 0, 27 : 0, 28 : 0, 29 : 1, 30 : 1, 31 : 1, 32 : 0
13, 1 : 0, 2 : 0, 3 : 0, 4 : 0, 5 : 0, 6 : 0, 7 : 0, 8 : 0, 9 : 0, 10 : 0, 11 : 0, 12 : 0, 13 : 0, 14 : 0, 15 : 0, 16 : 0, 17 : 0, 18 : 0, 19 : 0, 20 : 0, 21 : 0, 22 : 0, 23 : 0, 24 : 0, 25 : 0, 26 : 0, 27 : 0, 28 : 0, 29 : 0, 30 : 0, 31 : 0, 32 : 0
13656, 1 : 0, 2 : 0, 3 : 0, 4 : 0, 5 : 0, 6 : 0, 7 : 0, 8 : 0, 9 : 0, 10 : 0, 11 : 0, 12 : 0, 13 : 0, 14 : 0, 15 : 0, 16 : 0, 17 : 0, 18 : 0, 19 : 0, 20 : 0, 21 : 0, 22 : 0, 23 : 0, 24 : 0, 25 : 0, 26 : 0, 27 : 0, 28 : 0, 29 : 0, 30 : 0, 31 : 0, 32 : 0
14, 1 : 0, 2 : 0, 3 : 0, 4 : 0, 5 : 0, 6 : 0, 7 : 0, 8 : 0, 9 : 0, 10 : 0, 11 : 0, 12 : 0, 13 : 0, 14 : 0, 15 : 0, 16 : 0, 17 : 0, 18 : 0, 19 : 0, 20 : 0, 21 : 0, 22 : 0, 23 : 1, 24 : 0, 25 : 0, 26 : 0, 27 : 0, 28 : 0, 29 : 0, 30 : 1, 31 : 1, 32 : 0
144690, 1 : 1, 2 : 1, 3 : 1, 4 : 0, 5 : 0, 6 : 0, 7 : 0, 8 : 1, 9 : 0, 10 : 0, 11 : 0, 12 : 0, 13 : 0, 14 : 0, 15 : 0, 16 : 0, 17 : 0, 18 : 0, 19 : 0, 20 : 0, 21 : 0, 22 : 1, 23 : 0, 24 : 1, 25 : 0, 26 : 0, 27 : 0, 28 : 0, 29 : 1, 30 : 0, 31 : 0, 32 : 0
15, 1 : 1, 2 : 0, 3 : 0, 4 : 0, 5 : 0, 6 : 0, 7 : 0, 8 : 1, 9 : 1, 10 : 0, 11 : 0, 12 : 0, 13 : 0, 14 : 1, 15 : 0, 16 : 0, 17 : 1, 18 : 1, 19 : 0, 20 : 0, 21 : 0, 22 : 0, 23 : 0, 24 : 1, 25 : 1, 26 : 1, 27 : 0, 28 : 1, 29 : 1, 30 : 0, 31 : 0, 32 : 0
167, 1 : 1, 2 : 0, 3 : 0, 4 : 0, 5 : 0, 6 : 1, 7 : 0, 8 : 1, 9 : 0, 10 : 0, 11 : 0, 12 : 0, 13 : 1, 14 : 1, 15 : 0, 16 : 0, 17 : 0, 18 : 0, 19 : 0, 20 : 0, 21 : 0, 22 : 1, 23 : 1, 24 : 0, 25 : 0, 26 : 0, 27 : 0, 28 : 0, 29 : 1, 30 : 1, 31 : 1, 32 : 1
18, 1 : 0, 2 : 0, 3 : 0, 4 : 0, 5 : 0, 6 : 1, 7 : 1, 8 : 0, 9 : 0, 10 : 0, 11 : 0, 12 : 0, 13 : 0, 14 : 1, 15 : 1, 16 : 0, 17 : 0, 18 : 0, 19 : 0, 20 : 0, 21 : 0, 22 : 1, 23 : 0, 24 : 0, 25 : 0, 26 : 0, 27 : 0, 28 : 0, 29 : 0, 30 : 1, 31 : 0, 32 : 0
18243, 1 : 0, 2 : 0, 3 : 0, 4 : 1, 5 : 0, 6 : 0, 7 : 0, 8 : 0, 9 : 0, 10 : 0, 11 : 0, 12 : 0, 13 : 0, 14 : 0, 15 : 0, 16 : 0, 17 : 0, 18 : 0, 19 : 0, 20 : 0, 21 : 0, 22 : 0, 23 : 0, 24 : 0, 25 : 0, 26 : 0, 27 : 0, 28 : 0, 29 : 0, 30 : 0, 31 : 0, 32 : 0
18244, 1 : 0, 2 : 0, 3 : 0, 4 : 1, 5 : 1, 6 : 1, 7 : 1, 8 : 0, 9 : 0, 10 : 0, 11 : 0, 12 : 0, 13 : 0, 14 : 0, 15 : 0, 16 : 0, 17 : 0, 18 : 0, 19 : 0, 20 : 0, 21 : 1, 22 : 1, 23 : 1, 24 : 0, 25 : 0, 26 : 0, 27 : 0, 28 : 0, 29 : 0, 30 : 1, 31 : 0, 32 : 0
19084, 1 : 0, 2 : 0, 3 : 0, 4 : 0, 5 : 0, 6 : 0, 7 : 0, 8 : 0, 9 : 0, 10 : 0, 11 : 0, 12 : 0, 13 : 0, 14 : 0, 15 : 0, 16 : 0, 17 : 0, 18 : 0, 19 : 0, 20 : 0, 21 : 0, 22 : 0, 23 : 0, 24 : 0, 25 : 0, 26 : 0, 27 : 0, 28 : 0, 29 : 0, 30 : 0, 31 : 0, 32 : 0
199644, 1 : 0, 2 : 0, 3 : 0, 4 : 0, 5 : 0, 6 : 0, 7 : 0, 8 : 0, 9 : 0, 10 : 0, 11 : 0, 12 : 0, 13 : 0, 14 : 1, 15 : 0, 16 : 0, 17 : 0, 18 : 0, 19 : 0, 20 : 0, 21 : 0, 22 : 1, 23 : 0, 24 : 0, 25 : 0, 26 : 0, 27 : 0, 28 : 0, 29 : 0, 30 : 1, 31 : 0, 32 : 0
20, 1 : 0, 2 : 0, 3 : 0, 4 : 0, 5 : 0, 6 : 0, 7 : 0, 8 : 0, 9 : 0, 10 : 0, 11 : 0, 12 : 0, 13 : 0, 14 : 0, 15 : 0, 16 : 0, 17 : 0, 18 : 0, 19 : 0, 20 : 0, 21 : 0, 22 : 0, 23 : 0, 24 : 0, 25 : 0, 26 : 0, 27 : 0, 28 : 0, 29 : 0, 30 : 0, 31 : 0, 32 : 0
21443, 1 : 0, 2 : 0, 3 : 0, 4 : 0, 5 : 0, 6 : 0, 7 : 0, 8 : 0, 9 : 0, 10 : 0, 11 : 0, 12 : 0, 13 : 0, 14 : 0, 15 : 0, 16 : 0, 17 : 0, 18 : 0, 19 : 0, 20 : 0, 21 : 0, 22 : 0, 23 : 0, 24 : 0, 25 : 0, 26 : 0, 27 : 0, 28 : 0, 29 : 0, 30 : 0, 31 : 0, 32 : 0
21936, 1 : 0, 2 : 0, 3 : 0, 4 : 0, 5 : 0, 6 : 1, 7 : 1, 8 : 0, 9 : 0, 10 : 0, 11 : 0, 12 : 0, 13 : 0, 14 : 0, 15 : 1, 16 : 0, 17 : 0, 18 : 0, 19 : 0, 20 : 0, 21 : 0, 22 : 0, 23 : 1, 24 : 0, 25 : 0, 26 : 0, 27 : 0, 28 : 0, 29 : 0, 30 : 0, 31 : 0, 32 : 0
22, 1 : 0, 2 : 1, 3 : 0, 4 : 0, 5 : 1, 6 : 1, 7 : 0, 8 : 0, 9 : 1, 10 : 1, 11 : 1, 12 : 0, 13 : 0, 14 : 0, 15 : 0, 16 : 0, 17 : 0, 18 : 0, 19 : 1, 20 : 0, 21 : 1, 22 : 0, 23 : 0, 24 : 0, 25 : 0, 26 : 0, 27 : 1, 28 : 1, 29 : 0, 30 : 0, 31 : 0, 32 : 0
23, 1 : 0, 2 : 0, 3 : 0, 4 : 0, 5 : 0, 6 : 0, 7 : 0, 8 : 0, 9 : 0, 10 : 0, 11 : 0, 12 : 0, 13 : 0, 14 : 0, 15 : 0, 16 : 0, 17 : 1, 18 : 1, 19 : 1, 20 : 0, 21 : 0, 22 : 0, 23 : 0, 24 : 0, 25 : 1, 26 : 1, 27 : 1, 28 : 0, 29 : 0, 30 : 0, 31 : 0, 32 : 0
25988, 1 : 0, 2 : 0, 3 : 0, 4 : 0, 5 : 0, 6 : 0, 7 : 1, 8 : 0, 9 : 0, 10 : 0, 11 : 0, 12 : 0, 13 : 0, 14 : 1, 15 : 0, 16 : 0, 17 : 0, 18 : 0, 19 : 0, 20 : 0, 21 : 0, 22 : 1, 23 : 0, 24 : 0, 25 : 0, 26 : 0, 27 : 0, 28 : 0, 29 : 0, 30 : 1, 31 : 1, 32 : 0
26, 1 : 0, 2 : 0, 3 : 0, 4 : 0, 5 : 1, 6 : 1, 7 : 0, 8 : 0, 9 : 0, 10 : 0, 11 : 0, 12 : 0, 13 : 1, 14 : 1, 15 : 0, 16 : 0, 17 : 0, 18 : 0, 19 : 0, 20 : 0, 21 : 1, 22 : 1, 23 : 1, 24 : 0, 25 : 0, 26 : 0, 27 : 0, 28 : 0, 29 : 0, 30 : 1, 31 : 1, 32 : 0
275476, 1 : 0, 2 : 0, 3 : 0, 4 : 0, 5 : 0, 6 : 1, 7 : 1, 8 : 1, 9 : 0, 10 : 0, 11 : 0, 12 : 0, 13 : 0, 14 : 1, 15 : 1, 16 : 0, 17 : 0, 18 : 0, 19 : 0, 20 : 0, 21 : 0, 22 : 1, 23 : 1, 24 : 0, 25 : 0, 26 : 0, 27 : 0, 28 : 0, 29 : 0, 30 : 1, 31 : 0, 32 : 1
28, 1 : 0, 2 : 0, 3 : 0, 4 : 1, 5 : 1, 6 : 1, 7 : 1, 8 : 0, 9 : 0, 10 : 0, 11 : 0, 12 : 1, 13 : 0, 14 : 1, 15 : 1, 16 : 1, 17 : 0, 18 : 0, 19 : 0, 20 : 0, 21 : 1, 22 : 1, 23 : 1, 24 : 1, 25 : 0, 26 : 0, 27 : 0, 28 : 0, 29 : 1, 30 : 1, 31 : 1, 32 : 1
3, 1 : 0, 2 : 0, 3 : 0, 4 : 0, 5 : 0, 6 : 0, 7 : 0, 8 : 0, 9 : 0, 10 : 0, 11 : 0, 12 : 0, 13 : 0, 14 : 0, 15 : 0, 16 : 0, 17 : 0, 18 : 0, 19 : 0, 20 : 0, 21 : 0, 22 : 0, 23 : 0, 24 : 0, 25 : 0, 26 : 0, 27 : 0, 28 : 0, 29 : 0, 30 : 0, 31 : 1, 32 : 0
30, 1 : 0, 2 : 0, 3 : 0, 4 : 1, 5 : 1, 6 : 0, 7 : 0, 8 : 0, 9 : 0, 10 : 0, 11 : 0, 12 : 0, 13 : 1, 14 : 1, 15 : 1, 16 : 0, 17 : 0, 18 : 0, 19 : 0, 20 : 1, 21 : 1, 22 : 0, 23 : 0, 24 : 0, 25 : 0, 26 : 0, 27 : 0, 28 : 0, 29 : 1, 30 : 1, 31 : 1, 32 : 1
3120, 1 : 0, 2 : 0, 3 : 0, 4 : 0, 5 : 0, 6 : 0, 7 : 0, 8 : 0, 9 : 0, 10 : 0, 11 : 0, 12 : 0, 13 : 0, 14 : 0, 15 : 0, 16 : 0, 17 : 0, 18 : 0, 19 : 0, 20 : 0, 21 : 0, 22 : 0, 23 : 0, 24 : 0, 25 : 0, 26 : 0, 27 : 0, 28 : 0, 29 : 0, 30 : 1, 31 : 0, 32 : 0
333441, 1 : 0, 2 : 0, 3 : 0, 4 : 0, 5 : 0, 6 : 0, 7 : 0, 8 : 0, 9 : 0, 10 : 0, 11 : 0, 12 : 0, 13 : 0, 14 : 0, 15 : 0, 16 : 0, 17 : 0, 18 : 0, 19 : 0, 20 : 0, 21 : 0, 22 : 1, 23 : 0, 24 : 0, 25 : 0, 26 : 0, 27 : 0, 28 : 0, 29 : 0, 30 : 0, 31 : 0, 32 : 0
34, 1 : 0, 2 : 0, 3 : 0, 4 : 0, 5 : 0, 6 : 0, 7 : 0, 8 : 0, 9 : 0, 10 : 0, 11 : 0, 12 : 0, 13 : 0, 14 : 0, 15 : 0, 16 : 0, 17 : 0, 18 : 0, 19 : 0, 20 : 0, 21 : 0, 22 : 0, 23 : 0, 24 : 0, 25 : 0, 26 : 0, 27 : 0, 28 : 0, 29 : 0, 30 : 0, 31 : 0, 32 : 0
352500, 1 : 0, 2 : 0, 3 : 0, 4 : 0, 5 : 0, 6 : 1, 7 : 0, 8 : 0, 9 : 0, 10 : 0, 11 : 0, 12 : 0, 13 : 0, 14 : 0, 15 : 1, 16 : 0, 17 : 0, 18 : 0, 19 : 0, 20 : 0, 21 : 0, 22 : 0, 23 : 0, 24 : 0, 25 : 0, 26 : 0, 27 : 0, 28 : 0, 29 : 1, 30 : 1, 31 : 0, 32 : 0
353948, 1 : 0, 2 : 0, 3 : 0, 4 : 0, 5 : 0, 6 : 1, 7 : 0, 8 : 0, 9 : 0, 10 : 0, 11 : 0, 12 : 0, 13 : 0, 14 : 0, 15 : 1, 16 : 0, 17 : 0, 18 : 0, 19 : 0, 20 : 0, 21 : 0, 22 : 0, 23 : 0, 24 : 0, 25 : 0, 26 : 0, 27 : 1, 28 : 0, 29 : 0, 30 : 1, 31 : 0, 32 : 0
368741, 1 : 0, 2 : 0, 3 : 0, 4 : 0, 5 : 0, 6 : 0, 7 : 0, 8 : 0, 9 : 0, 10 : 0, 11 : 0, 12 : 0, 13 : 0, 14 : 0, 15 : 0, 16 : 0, 17 : 0, 18 : 0, 19 : 0, 20 : 0, 21 : 0, 22 : 0, 23 : 0, 24 : 0, 25 : 0, 26 : 0, 27 : 0, 28 : 0, 29 : 0, 30 : 0, 31 : 0, 32 : 0
416543, 1 : 1, 2 : 1, 3 : 1, 4 : 1, 5 : 1, 6 : 1, 7 : 0, 8 : 0, 9 : 1, 10 : 1, 11 : 1, 12 : 1, 13 : 1, 14 : 1, 15 : 0, 16 : 0, 17 : 1, 18 : 1, 19 : 1, 20 : 1, 21 : 1, 22 : 1, 23 : 0, 24 : 0, 25 : 1, 26 : 1, 27 : 1, 28 : 1, 29 : 1, 30 : 1, 31 : 0, 32 : 0
416841, 1 : 0, 2 : 0, 3 : 1, 4 : 1, 5 : 1, 6 : 1, 7 : 0, 8 : 0, 9 : 0, 10 : 0, 11 : 0, 12 : 0, 13 : 0, 14 : 1, 15 : 1, 16 : 0, 17 : 0, 18 : 0, 19 : 0, 20 : 1, 21 : 1, 22 : 0, 23 : 0, 24 : 0, 25 : 0, 26 : 0, 27 : 0, 28 : 0, 29 : 1, 30 : 1, 31 : 1, 32 : 0
42414, 1 : 0, 2 : 0, 3 : 0, 4 : 0, 5 : 0, 6 : 0, 7 : 0, 8 : 0, 9 : 0, 10 : 0, 11 : 0, 12 : 0, 13 : 0, 14 : 0, 15 : 0, 16 : 0, 17 : 0, 18 : 0, 19 : 0, 20 : 0, 21 : 0, 22 : 0, 23 : 0, 24 : 0, 25 : 0, 26 : 0, 27 : 0, 28 : 0, 29 : 0, 30 : 0, 31 : 0, 32 : 0
42416, 1 : 0, 2 : 0, 3 : 0, 4 : 0, 5 : 0, 6 : 0, 7 : 0, 8 : 0, 9 : 0, 10 : 0, 11 : 0, 12 : 0, 13 : 0, 14 : 0, 15 : 0, 16 : 0, 17 : 0, 18 : 0, 19 : 0, 20 : 0, 21 : 0, 22 : 0, 23 : 0, 24 : 0, 25 : 0, 26 : 0, 27 : 0, 28 : 0, 29 : 0, 30 : 0, 31 : 0, 32 : 0
43080, 1 : 1, 2 : 0, 3 : 0, 4 : 0, 5 : 0, 6 : 0, 7 : 0, 8 : 0, 9 : 0, 10 : 1, 11 : 1, 12 : 0, 13 : 0, 14 : 0, 15 : 0, 16 : 0, 17 : 0, 18 : 0, 19 : 0, 20 : 0, 21 : 0, 22 : 0, 23 : 0, 24 : 0, 25 : 0, 26 : 0, 27 : 0, 28 : 0, 29 : 0, 30 : 0, 31 : 0, 32 : 0
432078, 1 : 0, 2 : 0, 3 : 0, 4 : 0, 5 : 0, 6 : 0, 7 : 0, 8 : 0, 9 : 0, 10 : 0, 11 : 0, 12 : 0, 13 : 0, 14 : 0, 15 : 0, 16 : 0, 17 : 0, 18 : 0, 19 : 0, 20 : 0, 21 : 0, 22 : 0, 23 : 0, 24 : 0, 25 : 0, 26 : 0, 27 : 0, 28 : 0, 29 : 0, 30 : 0, 31 : 0, 32 : 0
435545, 1 : 0, 2 : 0, 3 : 0, 4 : 0, 5 : 0, 6 : 0, 7 : 0, 8 : 0, 9 : 0, 10 : 0, 11 : 0, 12 : 0, 13 : 0, 14 : 1, 15 : 0, 16 : 0, 17 : 0, 18 : 0, 19 : 0, 20 : 0, 21 : 0, 22 : 1, 23 : 0, 24 : 0, 25 : 0, 26 : 0, 27 : 0, 28 : 0, 29 : 0, 30 : 0, 31 : 0, 32 : 0
435553, 1 : 0, 2 : 0, 3 : 0, 4 : 0, 5 : 0, 6 : 0, 7 : 0, 8 : 0, 9 : 0, 10 : 0, 11 : 0, 12 : 0, 13 : 0, 14 : 0, 15 : 0, 16 : 0, 17 : 0, 18 : 0, 19 : 0, 20 : 0, 21 : 0, 22 : 0, 23 : 0, 24 : 0, 25 : 0, 26 : 0, 27 : 0, 28 : 0, 29 : 0, 30 : 1, 31 : 0, 32 : 0
476959, 1 : 0, 2 : 0, 3 : 0, 4 : 0, 5 : 0, 6 : 0, 7 : 0, 8 : 0, 9 : 0, 10 : 0, 11 : 0, 12 : 0, 13 : 0, 14 : 0, 15 : 0, 16 : 0, 17 : 0, 18 : 0, 19 : 0, 20 : 0, 21 : 0, 22 : 0, 23 : 0, 24 : 0, 25 : 0, 26 : 0, 27 : 0, 28 : 0, 29 : 0, 30 : 0, 31 : 0, 32 : 0
509866, 1 : 0, 2 : 0, 3 : 0, 4 : 0, 5 : 0, 6 : 0, 7 : 0, 8 : 1, 9 : 0, 10 : 0, 11 : 0, 12 : 0, 13 : 0, 14 : 0, 15 : 0, 16 : 0, 17 : 0, 18 : 0, 19 : 0, 20 : 0, 21 : 0, 22 : 0, 23 : 0, 24 : 0, 25 : 0, 26 : 0, 27 : 0, 28 : 0, 29 : 1, 30 : 1, 31 : 0, 32 : 1
529111, 1 : 0, 2 : 0, 3 : 0, 4 : 0, 5 : 0, 6 : 1, 7 : 0, 8 : 0, 9 : 0, 10 : 0, 11 : 0, 12 : 0, 13 : 0, 14 : 1, 15 : 1, 16 : 0, 17 : 0, 18 : 0, 19 : 0, 20 : 0, 21 : 0, 22 : 0, 23 : 0, 24 : 0, 25 : 0, 26 : 0, 27 : 0, 28 : 0, 29 : 0, 30 : 0, 31 : 0, 32 : 0
536696, 1 : 1, 2 : 0, 3 : 0, 4 : 0, 5 : 0, 6 : 0, 7 : 1, 8 : 0, 9 : 0, 10 : 0, 11 : 0, 12 : 0, 13 : 0, 14 : 1, 15 : 0, 16 : 0, 17 : 0, 18 : 0, 19 : 0, 20 : 0, 21 : 0, 22 : 0, 23 : 1, 24 : 0, 25 : 0, 26 : 0, 27 : 0, 28 : 0, 29 : 0, 30 : 0, 31 : 1, 32 : 0
605286, 1 : 0, 2 : 0, 3 : 0, 4 : 0, 5 : 0, 6 : 0, 7 : 0, 8 : 0, 9 : 0, 10 : 0, 11 : 0, 12 : 0, 13 : 0, 14 : 0, 15 : 0, 16 : 0, 17 : 0, 18 : 0, 19 : 0, 20 : 0, 21 : 0, 22 : 0, 23 : 0, 24 : 0, 25 : 0, 26 : 0, 27 : 0, 28 : 0, 29 : 0, 30 : 0, 31 : 0, 32 : 0
631033, 1 : 0, 2 : 0, 3 : 1, 4 : 1, 5 : 0, 6 : 0, 7 : 0, 8 : 0, 9 : 0, 10 : 1, 11 : 1, 12 : 1, 13 : 1, 14 : 1, 15 : 1, 16 : 0, 17 : 0, 18 : 1, 19 : 1, 20 : 0, 21 : 0, 22 : 0, 23 : 0, 24 : 0, 25 : 0, 26 : 0, 27 : 0, 28 : 1, 29 : 1, 30 : 0, 31 : 0, 32 : 0
6525, 1 : 0, 2 : 0, 3 : 1, 4 : 1, 5 : 0, 6 : 1, 7 : 0, 8 : 0, 9 : 0, 10 : 0, 11 : 0, 12 : 0, 13 : 1, 14 : 1, 15 : 0, 16 : 0, 17 : 0, 18 : 0, 19 : 0, 20 : 1, 21 : 0, 22 : 0, 23 : 1, 24 : 0, 25 : 0, 26 : 0, 27 : 1, 28 : 1, 29 : 1, 30 : 0, 31 : 0, 32 : 0
659069, 1 : 0, 2 : 0, 3 : 0, 4 : 0, 5 : 0, 6 : 0, 7 : 0, 8 : 0, 9 : 0, 10 : 0, 11 : 0, 12 : 0, 13 : 0, 14 : 0, 15 : 0, 16 : 0, 17 : 0, 18 : 0, 19 : 0, 20 : 0, 21 : 0, 22 : 0, 23 : 0, 24 : 0, 25 : 0, 26 : 0, 27 : 0, 28 : 0, 29 : 0, 30 : 0, 31 : 0, 32 : 0
668291, 1 : 0, 2 : 0, 3 : 0, 4 : 0, 5 : 0, 6 : 1, 7 : 0, 8 : 0, 9 : 0, 10 : 0, 11 : 0, 12 : 1, 13 : 1, 14 : 1, 15 : 0, 16 : 0, 17 : 0, 18 : 0, 19 : 0, 20 : 0, 21 : 0, 22 : 1, 23 : 0, 24 : 0, 25 : 0, 26 : 0, 27 : 0, 28 : 0, 29 : 0, 30 : 1, 31 : 0, 32 : 0
716024, 1 : 0, 2 : 0, 3 : 0, 4 : 0, 5 : 0, 6 : 0, 7 : 0, 8 : 0, 9 : 0, 10 : 0, 11 : 0, 12 : 0, 13 : 0, 14 : 0, 15 : 0, 16 : 0, 17 : 0, 18 : 0, 19 : 0, 20 : 0, 21 : 0, 22 : 0, 23 : 0, 24 : 0, 25 : 0, 26 : 0, 27 : 0, 28 : 0, 29 : 0, 30 : 0, 31 : 0, 32 : 0
84, 1 : 0, 2 : 0, 3 : 0, 4 : 1, 5 : 0, 6 : 1, 7 : 0, 8 : 0, 9 : 0, 10 : 0, 11 : 0, 12 : 1, 13 : 0, 14 : 1, 15 : 1, 16 : 0, 17 : 0, 18 : 0, 19 : 0, 20 : 0, 21 : 1, 22 : 1, 23 : 1, 24 : 0, 25 : 0, 26 : 0, 27 : 0, 28 : 1, 29 : 1, 30 : 1, 31 : 0, 32 : 0
86, 1 : 0, 2 : 0, 3 : 0, 4 : 1, 5 : 0, 6 : 0, 7 : 1, 8 : 1, 9 : 0, 10 : 0, 11 : 0, 12 : 0, 13 : 0, 14 : 0, 15 : 1, 16 : 0, 17 : 0, 18 : 0, 19 : 0, 20 : 0, 21 : 0, 22 : 1, 23 : 1, 24 : 0, 25 : 0, 26 : 0, 27 : 0, 28 : 0, 29 : 0, 30 : 1, 31 : 1, 32 : 1
8629, 1 : 0, 2 : 0, 3 : 0, 4 : 0, 5 : 0, 6 : 0, 7 : 0, 8 : 0, 9 : 0, 10 : 0, 11 : 0, 12 : 0, 13 : 0, 14 : 0, 15 : 0, 16 : 0, 17 : 0, 18 : 0, 19 : 0, 20 : 0, 21 : 1, 22 : 0, 23 : 0, 24 : 0, 25 : 0, 26 : 0, 27 : 0, 28 : 0, 29 : 0, 30 : 0, 31 : 0, 32 : 0
87, 1 : 0, 2 : 0, 3 : 0, 4 : 0, 5 : 0, 6 : 0, 7 : 0, 8 : 0, 9 : 0, 10 : 0, 11 : 0, 12 : 0, 13 : 0, 14 : 0, 15 : 1, 16 : 0, 17 : 0, 18 : 0, 19 : 0, 20 : 0, 21 : 0, 22 : 1, 23 : 0, 24 : 0, 25 : 0, 26 : 0, 27 : 0, 28 : 0, 29 : 0, 30 : 0, 31 : 0, 32 : 0
89, 1 : 0, 2 : 0, 3 : 0, 4 : 0, 5 : 0, 6 : 1, 7 : 0, 8 : 0, 9 : 0, 10 : 0, 11 : 0, 12 : 0, 13 : 0, 14 : 1, 15 : 1, 16 : 0, 17 : 0, 18 : 0, 19 : 0, 20 : 0, 21 : 0, 22 : 0, 23 : 0, 24 : 0, 25 : 0, 26 : 0, 27 : 0, 28 : 0, 29 : 0, 30 : 0, 31 : 0, 32 : 0
9, 1 : 0, 2 : 0, 3 : 0, 4 : 0, 5 : 0, 6 : 0, 7 : 0, 8 : 0, 9 : 0, 10 : 0, 11 : 0, 12 : 0, 13 : 0, 14 : 0, 15 : 0, 16 : 0, 17 : 0, 18 : 0, 19 : 0, 20 : 0, 21 : 0, 22 : 0, 23 : 0, 24 : 0, 25 : 0, 26 : 0, 27 : 0, 28 : 0, 29 : 0, 30 : 0, 31 : 0, 32 : 0
93, 1 : 0, 2 : 0, 3 : 0, 4 : 1, 5 : 1, 6 : 1, 7 : 1, 8 : 0, 9 : 0, 10 : 0, 11 : 0, 12 : 1, 13 : 1, 14 : 1, 15 : 1, 16 : 0, 17 : 0, 18 : 0, 19 : 0, 20 : 0, 21 : 1, 22 : 1, 23 : 1, 24 : 0, 25 : 0, 26 : 0, 27 : 0, 28 : 0, 29 : 1, 30 : 1, 31 : 1, 32 : 0
94, 1 : 0, 2 : 0, 3 : 0, 4 : 0, 5 : 0, 6 : 1, 7 : 0, 8 : 0, 9 : 0, 10 : 0, 11 : 0, 12 : 0, 13 : 1, 14 : 0, 15 : 0, 16 : 0, 17 : 0, 18 : 0, 19 : 0, 20 : 0, 21 : 0, 22 : 1, 23 : 1, 24 : 0, 25 : 0, 26 : 0, 27 : 0, 28 : 0, 29 : 0, 30 : 1, 31 : 0, 32 : 0
95, 1 : 0, 2 : 0, 3 : 0, 4 : 0, 5 : 0, 6 : 0, 7 : 0, 8 : 0, 9 : 0, 10 : 0, 11 : 0, 12 : 0, 13 : 1, 14 : 0, 15 : 0, 16 : 0, 17 : 0, 18 : 0, 19 : 0, 20 : 0, 21 : 0, 22 : 0, 23 : 0, 24 : 0, 25 : 0, 26 : 0, 27 : 0, 28 : 0, 29 : 0, 30 : 0, 31 : 0, 32 : 0
96, 1 : 0, 2 : 0, 3 : 0, 4 : 0, 5 : 0, 6 : 0, 7 : 0, 8 : 0, 9 : 0, 10 : 0, 11 : 0, 12 : 0, 13 : 0, 14 : 0, 15 : 0, 16 : 0, 17 : 0, 18 : 0, 19 : 0, 20 : 0, 21 : 0, 22 : 1, 23 : 1, 24 : 0, 25 : 0, 26 : 0, 27 : 0, 28 : 0, 29 : 0, 30 : 1, 31 : 1, 32 : 0
98, 1 : 0, 2 : 0, 3 : 0, 4 : 0, 5 : 0, 6 : 0, 7 : 0, 8 : 0, 9 : 0, 10 : 0, 11 : 0, 12 : 0, 13 : 0, 14 : 0, 15 : 0, 16 : 0, 17 : 0, 18 : 0, 19 : 0, 20 : 0, 21 : 0, 22 : 0, 23 : 0, 24 : 0, 25 : 0, 26 : 0, 27 : 0, 28 : 0, 29 : 0, 30 : 0, 31 : 0, 32 : 0
